{"assets/fonts/Cairo-Bold.ttf":["assets/fonts/Cairo-Bold.ttf"],"assets/fonts/Cairo-Regular.ttf":["assets/fonts/Cairo-Regular.ttf"],"assets/icons/breakfast.webp":["assets/icons/breakfast.webp"],"assets/icons/coffee.webp":["assets/icons/coffee.webp"],"assets/icons/instagram.png":["assets/icons/instagram.png"],"assets/icons/pasta.webp":["assets/icons/pasta.webp"],"assets/icons/pishghaza.webp":["assets/icons/pishghaza.webp"],"assets/icons/pitza.webp":["assets/icons/pitza.webp"],"assets/icons/salad.webp":["assets/icons/salad.webp"],"assets/icons/whatsapp.png":["assets/icons/whatsapp.png"],"assets/images/cake.jpg":["assets/images/cake.jpg"],"assets/images/eggfry.webp":["assets/images/eggfry.webp"],"assets/images/french_toast.webp":["assets/images/french_toast.webp"],"assets/images/logo.png":["assets/images/logo.png"],"assets/images/taco.webp":["assets/images/taco.webp"],"packages/cupertino_icons/assets/CupertinoIcons.ttf":["packages/cupertino_icons/assets/CupertinoIcons.ttf"]}